<?xml version="1.0" encoding="UTF-8"?>
<metadata xml:lang="en"><Esri><CreaDate>20190114</CreaDate><CreaTime>14045500</CreaTime><ArcGISFormat>1.0</ArcGISFormat><SyncOnce>TRUE</SyncOnce><DataProperties><lineage><Process ToolSource="c:\program files (x86)\arcgis\desktop10.5\ArcToolbox\Toolboxes\Data Management Tools.tbx\CalculateField" Date="20190114" Time="140455">CalculateField 2018_defensible_space_inspections_SBC date [inspection] VB #</Process><Process ToolSource="c:\program files (x86)\arcgis\desktop10.5\ArcToolbox\Toolboxes\Data Management Tools.tbx\CalculateField" Date="20190114" Time="140725">CalculateField 2018_defensible_space_inspections_SBC date " " VB #</Process><Process ToolSource="c:\program files (x86)\arcgis\desktop10.5\ArcToolbox\Toolboxes\Data Management Tools.tbx\CalculateField" Date="20190123" Time="094342">CalculateField 2018_defensible_space_inspections_SBC date "6/12/2017" VB #</Process><Process ToolSource="c:\program files (x86)\arcgis\desktop10.5\ArcToolbox\Toolboxes\Data Management Tools.tbx\CalculateField" Date="20190424" Time="114657">CalculateField 20181231_defensible_space_inspections status "1st Compliant" VB #</Process><Process ToolSource="c:\program files (x86)\arcgis\desktop10.5\ArcToolbox\Toolboxes\Data Management Tools.tbx\CalculateField" Date="20190424" Time="114912">CalculateField 20181231_defensible_space_inspections status "1st Non Compliant" VB #</Process><Process ToolSource="c:\program files (x86)\arcgis\desktop10.5\ArcToolbox\Toolboxes\Data Management Tools.tbx\CalculateField" Date="20190424" Time="115137">CalculateField 20181231_defensible_space_inspections status "2nd Compliant" VB #</Process><Process ToolSource="c:\program files (x86)\arcgis\desktop10.5\ArcToolbox\Toolboxes\Data Management Tools.tbx\CalculateField" Date="20190424" Time="115347">CalculateField 20181231_defensible_space_inspections status "2nd Non Compliant" VB #</Process><Process ToolSource="c:\program files (x86)\arcgis\desktop10.5\ArcToolbox\Toolboxes\Data Management Tools.tbx\CalculateField" Date="20190424" Time="115454">CalculateField 20181231_defensible_space_inspections status "3rd Compliant" VB #</Process><Process ToolSource="c:\program files (x86)\arcgis\desktop10.5\ArcToolbox\Toolboxes\Data Management Tools.tbx\CalculateField" Date="20190424" Time="115556">CalculateField 20181231_defensible_space_inspections status "3rd Non Compliant" VB #</Process><Process ToolSource="c:\program files (x86)\arcgis\desktop10.5\ArcToolbox\Toolboxes\Data Management Tools.tbx\CalculateField" Date="20190424" Time="115837">CalculateField 20181231_defensible_space_inspections status "Incomplete Data or Never Inspected" VB #</Process><Process ToolSource="c:\program files (x86)\arcgis\desktop10.5\ArcToolbox\Toolboxes\Data Management Tools.tbx\CalculateField" Date="20190424" Time="115956">CalculateField 20181231_defensible_space_inspections inspection " " VB #</Process><Process ToolSource="c:\program files (x86)\arcgis\desktop10.5\ArcToolbox\Toolboxes\Data Management Tools.tbx\CalculateField" Date="20190424" Time="120141">CalculateField 20181231_defensible_space_inspections inspecti_1 " " VB #</Process><Process ToolSource="c:\program files (x86)\arcgis\desktop10.5\ArcToolbox\Toolboxes\Data Management Tools.tbx\CalculateField" Date="20190424" Time="120411">CalculateField 20181231_defensible_space_inspections status "Not Inspected in 2018 or Prior" VB #</Process><Process ToolSource="c:\program files (x86)\arcgis\desktop10.5\ArcToolbox\Toolboxes\Data Management Tools.tbx\CalculateField" Date="20190424" Time="121352">CalculateField 20181231_defensible_space_inspections battalion "1" VB #</Process><Process ToolSource="c:\program files (x86)\arcgis\desktop10.5\ArcToolbox\Toolboxes\Data Management Tools.tbx\CalculateField" Date="20190424" Time="121610">CalculateField 20181231_defensible_space_inspections battalion "2" VB #</Process><Process ToolSource="c:\program files (x86)\arcgis\desktop10.5\ArcToolbox\Toolboxes\Data Management Tools.tbx\CalculateField" Date="20190424" Time="121839">CalculateField 20181231_defensible_space_inspections calfireuni "SBC" VB #</Process><Process ToolSource="c:\program files (x86)\arcgis\desktop10.5\ArcToolbox\Toolboxes\Data Management Tools.tbx\CalculateField" Date="20190424" Time="122106">CalculateField 20181231_defensible_space_inspections county "SBA" VB #</Process><Process ToolSource="c:\program files (x86)\arcgis\desktop10.5\ArcToolbox\Toolboxes\Data Management Tools.tbx\CalculateField" Date="20190424" Time="122820">CalculateField 20181231_defensible_space_inspections addressvis "No - Not Visible" VB #</Process><Process ToolSource="c:\program files (x86)\arcgis\desktop10.5\ArcToolbox\Toolboxes\Data Management Tools.tbx\CalculateField" Date="20190424" Time="123139">CalculateField 20181231_defensible_space_inspections addressvis "Yes - With Reflective" VB #</Process><Process ToolSource="c:\program files (x86)\arcgis\desktop10.5\ArcToolbox\Toolboxes\Data Management Tools.tbx\CalculateField" Date="20190424" Time="123659">CalculateField 20181231_defensible_space_inspections addressvis " " VB #</Process><Process ToolSource="c:\program files (x86)\arcgis\desktop10.5\ArcToolbox\Toolboxes\Data Management Tools.tbx\CalculateField" Date="20190424" Time="124258">CalculateField 20181231_defensible_space_inspections structuret "Commercial Building Single Story" VB #</Process><Process ToolSource="c:\program files (x86)\arcgis\desktop10.5\ArcToolbox\Toolboxes\Data Management Tools.tbx\CalculateField" Date="20190424" Time="124504">CalculateField 20181231_defensible_space_inspections structuret "Mobile Home Single Wide" VB #</Process><Process ToolSource="c:\program files (x86)\arcgis\desktop10.5\ArcToolbox\Toolboxes\Data Management Tools.tbx\CalculateField" Date="20190424" Time="124613">CalculateField 20181231_defensible_space_inspections structuret "Motor Home (if used as a residence)" VB #</Process><Process ToolSource="c:\program files (x86)\arcgis\desktop10.5\ArcToolbox\Toolboxes\Data Management Tools.tbx\CalculateField" Date="20190424" Time="124823">CalculateField 20181231_defensible_space_inspections structuret "Single Family Residence Multi Story" VB #</Process><Process ToolSource="c:\program files (x86)\arcgis\desktop10.5\ArcToolbox\Toolboxes\Data Management Tools.tbx\CalculateField" Date="20190424" Time="125039">CalculateField 20181231_defensible_space_inspections structuret "Single Family Residence Single Story" VB #</Process><Process ToolSource="c:\program files (x86)\arcgis\desktop10.5\ArcToolbox\Toolboxes\Data Management Tools.tbx\CalculateField" Date="20190424" Time="132452">CalculateField 20181231_defensible_space_inspections exteriorsi "Wood" VB #</Process><Process ToolSource="c:\program files (x86)\arcgis\desktop10.5\ArcToolbox\Toolboxes\Data Management Tools.tbx\CalculateField" Date="20190424" Time="132926">CalculateField 20181231_defensible_space_inspections exteriorsi "Other" VB #</Process><Process ToolSource="c:\program files (x86)\arcgis\desktop10.5\ArcToolbox\Toolboxes\Data Management Tools.tbx\CalculateField" Date="20190424" Time="141156">CalculateField 20181231_defensible_space_inspections address_po "93454" VB #</Process><Process ToolSource="c:\program files (x86)\arcgis\desktop10.5\ArcToolbox\Toolboxes\Data Management Tools.tbx\CalculateField" Date="20190424" Time="141325">CalculateField 20181231_defensible_space_inspections address_po "93455" VB #</Process><Process ToolSource="c:\program files (x86)\arcgis\desktop10.5\ArcToolbox\Toolboxes\Data Management Tools.tbx\CalculateField" Date="20190424" Time="141452">CalculateField 20181231_defensible_space_inspections address_po "93254" VB #</Process><Process ToolSource="c:\program files (x86)\arcgis\desktop10.5\ArcToolbox\Toolboxes\Data Management Tools.tbx\CalculateField" Date="20190424" Time="141554">CalculateField 20181231_defensible_space_inspections address_po "93252" VB #</Process><Process ToolSource="c:\program files (x86)\arcgis\desktop10.5\ArcToolbox\Toolboxes\Data Management Tools.tbx\CalculateField" Date="20190424" Time="141813">CalculateField 20181231_defensible_space_inspections address_po "93436" VB #</Process><Process ToolSource="c:\program files (x86)\arcgis\desktop10.5\ArcToolbox\Toolboxes\Data Management Tools.tbx\CalculateField" Date="20190424" Time="141937">CalculateField 20181231_defensible_space_inspections address_po "93105" VB #</Process><Process ToolSource="c:\program files (x86)\arcgis\desktop10.5\ArcToolbox\Toolboxes\Data Management Tools.tbx\CalculateField" Date="20190424" Time="142055">CalculateField 20181231_defensible_space_inspections address_po "93460" VB #</Process><Process ToolSource="c:\program files (x86)\arcgis\desktop10.5\ArcToolbox\Toolboxes\Data Management Tools.tbx\CalculateField" Date="20190424" Time="142215">CalculateField 20181231_defensible_space_inspections address_po "93117" VB #</Process><Process ToolSource="c:\program files (x86)\arcgis\desktop10.5\ArcToolbox\Toolboxes\Data Management Tools.tbx\CalculateField" Date="20190424" Time="142338">CalculateField 20181231_defensible_space_inspections address_po "93463" VB #</Process><Process ToolSource="c:\program files (x86)\arcgis\desktop10.5\ArcToolbox\Toolboxes\Data Management Tools.tbx\CalculateField" Date="20190424" Time="142438">CalculateField 20181231_defensible_space_inspections address_po "93427" VB #</Process><Process ToolSource="c:\program files (x86)\arcgis\desktop10.5\ArcToolbox\Toolboxes\Data Management Tools.tbx\CalculateField" Date="20190424" Time="142525">CalculateField 20181231_defensible_space_inspections address_po "93441" VB #</Process><Process ToolSource="c:\program files (x86)\arcgis\desktop10.5\ArcToolbox\Toolboxes\Data Management Tools.tbx\CalculateField" Date="20190424" Time="142649">CalculateField 20181231_defensible_space_inspections address_po "93440" VB #</Process><Process ToolSource="c:\program files (x86)\arcgis\desktop10.5\ArcToolbox\Toolboxes\Data Management Tools.tbx\CalculateField" Date="20190424" Time="143704">CalculateField 20181231_defensible_space_inspections community "East Camino Cielo" VB #</Process><Process ToolSource="c:\program files (x86)\arcgis\desktop10.5\ArcToolbox\Toolboxes\Data Management Tools.tbx\CalculateField" Date="20190424" Time="143801">CalculateField 20181231_defensible_space_inspections community "Hollister Ranch" VB #</Process><Process ToolSource="c:\program files (x86)\arcgis\desktop10.5\ArcToolbox\Toolboxes\Data Management Tools.tbx\CalculateField" Date="20190424" Time="144001">CalculateField 20181231_defensible_space_inspections community "San Marcos Pass/Kinevan" VB #</Process><Process ToolSource="c:\program files (x86)\arcgis\desktop10.5\ArcToolbox\Toolboxes\Data Management Tools.tbx\CalculateField" Date="20190424" Time="144121">CalculateField 20181231_defensible_space_inspections community "Mesa Verde" VB #</Process><Process ToolSource="c:\program files (x86)\arcgis\desktop10.5\ArcToolbox\Toolboxes\Data Management Tools.tbx\CalculateField" Date="20190424" Time="144238">CalculateField 20181231_defensible_space_inspections community "Northridge Estates" VB #</Process><Process ToolSource="c:\program files (x86)\arcgis\desktop10.5\ArcToolbox\Toolboxes\Data Management Tools.tbx\CalculateField" Date="20190424" Time="144549">CalculateField 20181231_defensible_space_inspections community "West Camino Cielo" VB #</Process><Process ToolSource="c:\program files (x86)\arcgis\desktop10.5\ArcToolbox\Toolboxes\Data Management Tools.tbx\CalculateField" Date="20190424" Time="145438">CalculateField 20181231_defensible_space_inspections community "Buellton" VB #</Process><Process ToolSource="c:\program files (x86)\arcgis\desktop10.5\ArcToolbox\Toolboxes\Data Management Tools.tbx\CalculateField" Date="20190424" Time="150124">CalculateField 20181231_defensible_space_inspections community "Orcutt" VB #</Process><Process ToolSource="c:\program files (x86)\arcgis\desktop10.5\ArcToolbox\Toolboxes\Data Management Tools.tbx\CalculateField" Date="20190424" Time="150351">CalculateField 20181231_defensible_space_inspections community "Mission Hills" VB #</Process><Process ToolSource="c:\program files (x86)\arcgis\desktop10.5\ArcToolbox\Toolboxes\Data Management Tools.tbx\CalculateField" Date="20190424" Time="150416">CalculateField 20181231_defensible_space_inspections community "Mission Hills" VB #</Process><Process ToolSource="c:\program files (x86)\arcgis\desktop10.5\ArcToolbox\Toolboxes\Data Management Tools.tbx\CalculateField" Date="20190424" Time="150526">CalculateField 20181231_defensible_space_inspections community "Santa Ynez" VB #</Process><Process ToolSource="c:\program files (x86)\arcgis\desktop10.5\ArcToolbox\Toolboxes\Data Management Tools.tbx\CalculateField" Date="20190424" Time="150753">CalculateField 20181231_defensible_space_inspections community "Summerland" VB #</Process><Process ToolSource="c:\program files (x86)\arcgis\desktop10.5\ArcToolbox\Toolboxes\Data Management Tools.tbx\CalculateField" Date="20190424" Time="150856">CalculateField 20181231_defensible_space_inspections community "Toro Canyon" VB #</Process><Process ToolSource="c:\program files (x86)\arcgis\desktop10.5\ArcToolbox\Toolboxes\Data Management Tools.tbx\CalculateField" Date="20190424" Time="151013">CalculateField 20181231_defensible_space_inspections community "Vandenberg Village" VB #</Process><Process ToolSource="c:\program files (x86)\arcgis\desktop10.5\ArcToolbox\Toolboxes\Data Management Tools.tbx\CalculateField" Date="20190424" Time="152612">CalculateField 20181231_defensible_space_inspections community "Woodstock" VB #</Process><Process ToolSource="c:\program files (x86)\arcgis\desktop10.5\ArcToolbox\Toolboxes\Data Management Tools.tbx\CalculateField" Date="20190424" Time="152952">CalculateField 20181231_defensible_space_inspections community " " VB #</Process><Process ToolSource="c:\program files (x86)\arcgis\desktop10.5\ArcToolbox\Toolboxes\Data Management Tools.tbx\CalculateField" Date="20190424" Time="153444">CalculateField 20181231_defensible_space_inspections community "Tepusquet" VB #</Process><Process ToolSource="c:\program files (x86)\arcgis\desktop10.5\ArcToolbox\Toolboxes\Data Management Tools.tbx\CalculateField" Date="20190424" Time="153851">CalculateField 20181231_defensible_space_inspections community "Stagecoach/Cold Springs" VB #</Process><Process ToolSource="c:\program files (x86)\arcgis\desktop10.5\ArcToolbox\Toolboxes\Data Management Tools.tbx\CalculateField" Date="20190424" Time="154015">CalculateField 20181231_defensible_space_inspections community " " VB #</Process><Process ToolSource="c:\program files (x86)\arcgis\desktop10.5\ArcToolbox\Toolboxes\Data Management Tools.tbx\CalculateField" Date="20190424" Time="154044">CalculateField 20181231_defensible_space_inspections community "Sisquoc" VB #</Process><Process ToolSource="c:\program files (x86)\arcgis\desktop10.5\ArcToolbox\Toolboxes\Data Management Tools.tbx\CalculateField" Date="20190424" Time="154257">CalculateField 20181231_defensible_space_inspections community "San Marcos Foothills" VB #</Process><Process ToolSource="c:\program files (x86)\arcgis\desktop10.5\ArcToolbox\Toolboxes\Data Management Tools.tbx\CalculateField" Date="20190424" Time="154722">CalculateField 20181231_defensible_space_inspections community "Rancho San Antonio" VB #</Process><Process ToolSource="c:\program files (x86)\arcgis\desktop10.5\ArcToolbox\Toolboxes\Data Management Tools.tbx\CalculateField" Date="20190424" Time="155114">CalculateField 20181231_defensible_space_inspections community "San Antonio Highlands" VB #</Process><Process ToolSource="c:\program files (x86)\arcgis\desktop10.5\ArcToolbox\Toolboxes\Data Management Tools.tbx\CalculateField" Date="20190424" Time="155529">CalculateField 20181231_defensible_space_inspections community "Refugio" VB #</Process><Process ToolSource="c:\program files (x86)\arcgis\desktop10.5\ArcToolbox\Toolboxes\Data Management Tools.tbx\CalculateField" Date="20190424" Time="155607">CalculateField 20181231_defensible_space_inspections community "Refugio" VB #</Process><Process ToolSource="c:\program files (x86)\arcgis\desktop10.5\ArcToolbox\Toolboxes\Data Management Tools.tbx\CalculateField" Date="20190424" Time="160337">CalculateField 20181231_defensible_space_inspections community "Painted Cave" VB #</Process><Process ToolSource="c:\program files (x86)\arcgis\desktop10.5\ArcToolbox\Toolboxes\Data Management Tools.tbx\CalculateField" Date="20190424" Time="161125">CalculateField 20181231_defensible_space_inspections community "San Marcos Foothills" VB #</Process><Process ToolSource="c:\program files (x86)\arcgis\desktop10.5\ArcToolbox\Toolboxes\Data Management Tools.tbx\CalculateField" Date="20190424" Time="161315">CalculateField 20181231_defensible_space_inspections community "Lower Paradise/Stagecoach" VB #</Process><Process ToolSource="c:\program files (x86)\arcgis\desktop10.5\ArcToolbox\Toolboxes\Data Management Tools.tbx\CalculateField" Date="20190424" Time="162508">CalculateField 20181231_defensible_space_inspections community "Shepard Mesa" VB #</Process><Process ToolSource="c:\program files (x86)\arcgis\desktop10.5\ArcToolbox\Toolboxes\Data Management Tools.tbx\CalculateField" Date="20190424" Time="162824">CalculateField 20181231_defensible_space_inspections community "Toro Canyon" VB #</Process><Process ToolSource="c:\program files (x86)\arcgis\desktop10.5\ArcToolbox\Toolboxes\Data Management Tools.tbx\CalculateField" Date="20190424" Time="163646">CalculateField 20181231_defensible_space_inspections community "Montecito" VB #</Process><Process ToolSource="c:\program files (x86)\arcgis\desktop10.5\ArcToolbox\Toolboxes\Data Management Tools.tbx\CalculateField" Date="20190424" Time="164720">CalculateField 20181231_defensible_space_inspections community "Foothill" VB #</Process><Process ToolSource="c:\program files (x86)\arcgis\desktop10.5\ArcToolbox\Toolboxes\Data Management Tools.tbx\CalculateField" Date="20190425" Time="075620">CalculateField 20181231_defensible_space_inspections community "Alta Mira" VB #</Process><Process ToolSource="c:\program files (x86)\arcgis\desktop10.5\ArcToolbox\Toolboxes\Data Management Tools.tbx\CalculateField" Date="20190425" Time="080202">CalculateField 20181231_defensible_space_inspections community "North Patterson" VB #</Process><Process ToolSource="c:\program files (x86)\arcgis\desktop10.5\ArcToolbox\Toolboxes\Data Management Tools.tbx\CalculateField" Date="20190425" Time="080336">CalculateField 20181231_defensible_space_inspections community "North Patterson Ave." VB #</Process><Process ToolSource="c:\program files (x86)\arcgis\desktop10.5\ArcToolbox\Toolboxes\Data Management Tools.tbx\CalculateField" Date="20190425" Time="080508">CalculateField 20181231_defensible_space_inspections community "North Fairview Ave." VB #</Process><Process ToolSource="c:\program files (x86)\arcgis\desktop10.5\ArcToolbox\Toolboxes\Data Management Tools.tbx\CalculateField" Date="20190425" Time="080701">CalculateField 20181231_defensible_space_inspections community "North Fairview Ave." VB #</Process><Process ToolSource="c:\program files (x86)\arcgis\desktop10.5\ArcToolbox\Toolboxes\Data Management Tools.tbx\CalculateField" Date="20190425" Time="081051">CalculateField 20181231_defensible_space_inspections community "San Marcos Pass/Kinevan" VB #</Process><Process ToolSource="c:\program files (x86)\arcgis\desktop10.5\ArcToolbox\Toolboxes\Data Management Tools.tbx\CalculateField" Date="20190425" Time="081922">CalculateField 20181231_defensible_space_inspections community "San Marcos Trout Club" VB #</Process><Process ToolSource="c:\program files (x86)\arcgis\desktop10.5\ArcToolbox\Toolboxes\Data Management Tools.tbx\CalculateField" Date="20190425" Time="082225">CalculateField 20181231_defensible_space_inspections community "San Marcos Pass/Kinevan" VB #</Process><Process ToolSource="c:\program files (x86)\arcgis\desktop10.5\ArcToolbox\Toolboxes\Data Management Tools.tbx\CalculateField" Date="20190425" Time="082406">CalculateField 20181231_defensible_space_inspections community "West Camino Cielo" VB #</Process><Process ToolSource="c:\program files (x86)\arcgis\desktop10.5\ArcToolbox\Toolboxes\Data Management Tools.tbx\CalculateField" Date="20190425" Time="082437">CalculateField 20181231_defensible_space_inspections community "Old San Marcos Road" VB #</Process><Process ToolSource="c:\program files (x86)\arcgis\desktop10.5\ArcToolbox\Toolboxes\Data Management Tools.tbx\CalculateField" Date="20190425" Time="083028">CalculateField 20181231_defensible_space_inspections community " " VB #</Process><Process ToolSource="c:\program files (x86)\arcgis\desktop10.5\ArcToolbox\Toolboxes\Data Management Tools.tbx\CalculateField" Date="20190425" Time="083256">CalculateField 20181231_defensible_space_inspections community "San Marcos Foothill" VB #</Process><Process ToolSource="c:\program files (x86)\arcgis\desktop10.5\ArcToolbox\Toolboxes\Data Management Tools.tbx\CalculateField" Date="20190425" Time="083827">CalculateField 20181231_defensible_space_inspections community "West Camino Cielo" VB #</Process><Process ToolSource="c:\program files (x86)\arcgis\desktop10.5\ArcToolbox\Toolboxes\Data Management Tools.tbx\CalculateField" Date="20190425" Time="084527">CalculateField 20181231_defensible_space_inspections community "Goleta" VB #</Process><Process ToolSource="c:\program files (x86)\arcgis\desktop10.5\ArcToolbox\Toolboxes\Data Management Tools.tbx\CalculateField" Date="20190425" Time="084727">CalculateField 20181231_defensible_space_inspections community "Goleta" VB #</Process><Process ToolSource="c:\program files (x86)\arcgis\desktop10.5\ArcToolbox\Toolboxes\Data Management Tools.tbx\CalculateField" Date="20190425" Time="084820">CalculateField 20181231_defensible_space_inspections community "Goleta" VB #</Process><Process ToolSource="c:\program files (x86)\arcgis\desktop10.5\ArcToolbox\Toolboxes\Data Management Tools.tbx\CalculateField" Date="20190425" Time="085256">CalculateField 20181231_defensible_space_inspections community "El Capitan" VB #</Process><Process ToolSource="c:\program files (x86)\arcgis\desktop10.5\ArcToolbox\Toolboxes\Data Management Tools.tbx\CalculateField" Date="20190425" Time="085605">CalculateField 20181231_defensible_space_inspections community "Tajiguas" VB #</Process><Process ToolSource="c:\program files (x86)\arcgis\desktop10.5\ArcToolbox\Toolboxes\Data Management Tools.tbx\CalculateField" Date="20190425" Time="090007">CalculateField 20181231_defensible_space_inspections community "Gaviota" VB #</Process><Process ToolSource="c:\program files (x86)\arcgis\desktop10.5\ArcToolbox\Toolboxes\Data Management Tools.tbx\CalculateField" Date="20190425" Time="090133">CalculateField 20181231_defensible_space_inspections community "Gaviota" VB #</Process><Process ToolSource="c:\program files (x86)\arcgis\desktop10.5\ArcToolbox\Toolboxes\Data Management Tools.tbx\CalculateField" Date="20190425" Time="090800">CalculateField 20181231_defensible_space_inspections community "San Marcos Foothills" VB #</Process><Process ToolSource="c:\program files (x86)\arcgis\desktop10.5\ArcToolbox\Toolboxes\Data Management Tools.tbx\CalculateField" Date="20190425" Time="090917">CalculateField 20181231_defensible_space_inspections community "Jalama" VB #</Process><Process ToolSource="c:\program files (x86)\arcgis\desktop10.5\ArcToolbox\Toolboxes\Data Management Tools.tbx\CalculateField" Date="20190425" Time="091046">CalculateField 20181231_defensible_space_inspections community "Jalama" VB #</Process><Process ToolSource="c:\program files (x86)\arcgis\desktop10.5\ArcToolbox\Toolboxes\Data Management Tools.tbx\CalculateField" Date="20190425" Time="091449">CalculateField 20181231_defensible_space_inspections community "San Julian Road" VB #</Process><Process ToolSource="c:\program files (x86)\arcgis\desktop10.5\ArcToolbox\Toolboxes\Data Management Tools.tbx\CalculateField" Date="20190425" Time="092012">CalculateField 20181231_defensible_space_inspections community "San Miguelito Road" VB #</Process><Process ToolSource="c:\program files (x86)\arcgis\desktop10.5\ArcToolbox\Toolboxes\Data Management Tools.tbx\CalculateField" Date="20190425" Time="092834">CalculateField 20181231_defensible_space_inspections community "Santa Rosa Road" VB #</Process><Process ToolSource="c:\program files (x86)\arcgis\desktop10.5\ArcToolbox\Toolboxes\Data Management Tools.tbx\CalculateField" Date="20190425" Time="093819">CalculateField 20181231_defensible_space_inspections community "Mission Hills" VB #</Process><Process ToolSource="c:\program files (x86)\arcgis\desktop10.5\ArcToolbox\Toolboxes\Data Management Tools.tbx\CalculateField" Date="20190425" Time="094032">CalculateField 20181231_defensible_space_inspections community "Cebada Canyon" VB #</Process><Process ToolSource="c:\program files (x86)\arcgis\desktop10.5\ArcToolbox\Toolboxes\Data Management Tools.tbx\CalculateField" Date="20190425" Time="094245">CalculateField 20181231_defensible_space_inspections community "Tularosa Road" VB #</Process><Process ToolSource="c:\program files (x86)\arcgis\desktop10.5\ArcToolbox\Toolboxes\Data Management Tools.tbx\CalculateField" Date="20190425" Time="095841">CalculateField 20181231_defensible_space_inspections community "Jonata" VB #</Process><Process ToolSource="c:\program files (x86)\arcgis\desktop10.5\ArcToolbox\Toolboxes\Data Management Tools.tbx\CalculateField" Date="20190425" Time="100442">CalculateField 20181231_defensible_space_inspections community "Happy Canyon" VB #</Process><Process ToolSource="c:\program files (x86)\arcgis\desktop10.5\ArcToolbox\Toolboxes\Data Management Tools.tbx\CalculateField" Date="20190425" Time="100822">CalculateField 20181231_defensible_space_inspections community "Baseline Ave." VB #</Process><Process ToolSource="c:\program files (x86)\arcgis\desktop10.5\ArcToolbox\Toolboxes\Data Management Tools.tbx\CalculateField" Date="20190425" Time="101754">CalculateField 20181231_defensible_space_inspections community "Meadowlark" VB #</Process><Process ToolSource="c:\program files (x86)\arcgis\desktop10.5\ArcToolbox\Toolboxes\Data Management Tools.tbx\CalculateField" Date="20190425" Time="102927">CalculateField 20181231_defensible_space_inspections community "Solvang" VB #</Process><Process ToolSource="c:\program files (x86)\arcgis\desktop10.5\ArcToolbox\Toolboxes\Data Management Tools.tbx\CalculateField" Date="20190425" Time="103415">CalculateField 20181231_defensible_space_inspections community "Santa Ynez" VB #</Process><Process ToolSource="c:\program files (x86)\arcgis\desktop10.5\ArcToolbox\Toolboxes\Data Management Tools.tbx\CalculateField" Date="20190425" Time="162604">CalculateField 20181231_defensible_space_inspections community "Gobernador Canyon" VB #</Process><Process ToolSource="c:\program files (x86)\arcgis\desktop10.5\ArcToolbox\Toolboxes\Data Management Tools.tbx\CalculateField" Date="20190425" Time="162908">CalculateField 20181231_defensible_space_inspections community "Carpinteria" VB #</Process><Process ToolSource="c:\program files (x86)\arcgis\desktop10.5\ArcToolbox\Toolboxes\Data Management Tools.tbx\CalculateField" Date="20190425" Time="163155">CalculateField 20181231_defensible_space_inspections community " " VB #</Process><Process ToolSource="c:\program files (x86)\arcgis\desktop10.5\ArcToolbox\Toolboxes\Data Management Tools.tbx\CalculateField" Date="20190425" Time="163232">CalculateField 20181231_defensible_space_inspections community "Los Olivos" VB #</Process><Process ToolSource="c:\program files (x86)\arcgis\desktop10.5\ArcToolbox\Toolboxes\Data Management Tools.tbx\CalculateField" Date="20190425" Time="163303">CalculateField 20181231_defensible_space_inspections community "Los Alamos" VB #</Process><Process ToolSource="c:\program files (x86)\arcgis\desktop10.5\ArcToolbox\Toolboxes\Data Management Tools.tbx\CalculateField" Date="20190425" Time="163555">CalculateField 20181231_defensible_space_inspections community "Cuyama" VB #</Process><Process ToolSource="c:\program files (x86)\arcgis\desktop10.5\ArcToolbox\Toolboxes\Data Management Tools.tbx\CalculateField" Date="20190425" Time="163650">CalculateField 20181231_defensible_space_inspections community "Ventucopa" VB #</Process><Process ToolSource="c:\program files (x86)\arcgis\desktop10.5\ArcToolbox\Toolboxes\Data Management Tools.tbx\CalculateField" Date="20190425" Time="163851">CalculateField 20181231_defensible_space_inspections community "Wasioja" VB #</Process><Process ToolSource="c:\program files (x86)\arcgis\desktop10.5\ArcToolbox\Toolboxes\Data Management Tools.tbx\CalculateField" Date="20190425" Time="163945">CalculateField 20181231_defensible_space_inspections community "Cottonwood Canyon" VB #</Process><Process ToolSource="c:\program files (x86)\arcgis\desktop10.5\ArcToolbox\Toolboxes\Data Management Tools.tbx\CalculateField" Date="20190425" Time="164146">CalculateField 20181231_defensible_space_inspections community "Casmalia" VB #</Process><Process ToolSource="c:\program files (x86)\arcgis\desktop10.5\ArcToolbox\Toolboxes\Data Management Tools.tbx\CalculateField" Date="20190425" Time="164528">CalculateField 20181231_defensible_space_inspections community "Orcutt" VB #</Process><Process ToolSource="c:\program files (x86)\arcgis\desktop10.5\ArcToolbox\Toolboxes\Data Management Tools.tbx\CalculateField" Date="20190425" Time="164603">CalculateField 20181231_defensible_space_inspections community "Garey" VB #</Process><Process ToolSource="c:\program files (x86)\arcgis\desktop10.5\ArcToolbox\Toolboxes\Data Management Tools.tbx\CalculateField" Date="20190425" Time="164700">CalculateField 20181231_defensible_space_inspections community "Sisquoc" VB #</Process><Process ToolSource="c:\program files (x86)\arcgis\desktop10.5\ArcToolbox\Toolboxes\Data Management Tools.tbx\CalculateField" Date="20190425" Time="165152">CalculateField 20181231_defensible_space_inspections community "Lompoc" VB #</Process><Process ToolSource="c:\program files (x86)\arcgis\desktop10.5\ArcToolbox\Toolboxes\Data Management Tools.tbx\CalculateField" Date="20190426" Time="091425">CalculateField 20181231_defensible_space_inspections community "Sisquoc" VB #</Process><Process ToolSource="c:\program files (x86)\arcgis\desktop10.5\ArcToolbox\Toolboxes\Data Management Tools.tbx\CalculateField" Date="20190426" Time="091703">CalculateField 20181231_defensible_space_inspections community "Lompoc" VB #</Process><Process ToolSource="c:\program files (x86)\arcgis\desktop10.5\ArcToolbox\Toolboxes\Data Management Tools.tbx\CalculateField" Date="20190426" Time="092024">CalculateField 20181231_defensible_space_inspections community "Buellton" VB #</Process><Process ToolSource="c:\program files (x86)\arcgis\desktop10.5\ArcToolbox\Toolboxes\Data Management Tools.tbx\CalculateField" Date="20190426" Time="092040">CalculateField 20181231_defensible_space_inspections community "Buellton" VB #</Process><Process ToolSource="c:\program files (x86)\arcgis\desktop10.5\ArcToolbox\Toolboxes\Data Management Tools.tbx\CalculateField" Date="20190426" Time="092139">CalculateField 20181231_defensible_space_inspections community "Jonata" VB #</Process><Process ToolSource="c:\program files (x86)\arcgis\desktop10.5\ArcToolbox\Toolboxes\Data Management Tools.tbx\CalculateField" Date="20190426" Time="092307">CalculateField 20181231_defensible_space_inspections community "Jonata" VB #</Process><Process ToolSource="c:\program files (x86)\arcgis\desktop10.5\ArcToolbox\Toolboxes\Data Management Tools.tbx\CalculateField" Date="20190426" Time="093047">CalculateField 20181231_defensible_space_inspections community "Lompoc Valley" VB #</Process><Process ToolSource="c:\program files (x86)\arcgis\desktop10.5\ArcToolbox\Toolboxes\Data Management Tools.tbx\CalculateField" Date="20190426" Time="093159">CalculateField 20181231_defensible_space_inspections community "Lompoc Valley" VB #</Process><Process ToolSource="c:\program files (x86)\arcgis\desktop10.5\ArcToolbox\Toolboxes\Data Management Tools.tbx\CalculateField" Date="20190426" Time="093743">CalculateField 20181231_defensible_space_inspections community "Alisal" VB #</Process><Process ToolSource="c:\program files (x86)\arcgis\desktop10.5\ArcToolbox\Toolboxes\Data Management Tools.tbx\CalculateField" Date="20190426" Time="094109">CalculateField 20181231_defensible_space_inspections community "San Julian Road" VB #</Process><Process ToolSource="c:\program files (x86)\arcgis\desktop10.5\ArcToolbox\Toolboxes\Data Management Tools.tbx\CalculateField" Date="20190426" Time="094133">CalculateField 20181231_defensible_space_inspections community "Gaviota" VB #</Process><Process ToolSource="c:\program files (x86)\arcgis\desktop10.5\ArcToolbox\Toolboxes\Data Management Tools.tbx\CalculateField" Date="20190426" Time="094150">CalculateField 20181231_defensible_space_inspections community "San Julian Road" VB #</Process><Process ToolSource="c:\program files (x86)\arcgis\desktop10.5\ArcToolbox\Toolboxes\Data Management Tools.tbx\CalculateField" Date="20190426" Time="094436">CalculateField 20181231_defensible_space_inspections community "San Julian Road" VB #</Process><Process ToolSource="c:\program files (x86)\arcgis\desktop10.5\ArcToolbox\Toolboxes\Data Management Tools.tbx\CalculateField" Date="20190426" Time="094620">CalculateField 20181231_defensible_space_inspections community "Hollister Ranch" VB #</Process><Process ToolSource="c:\program files (x86)\arcgis\desktop10.5\ArcToolbox\Toolboxes\Data Management Tools.tbx\CalculateField" Date="20190426" Time="094811">CalculateField 20181231_defensible_space_inspections community "Refugio" VB #</Process><Process ToolSource="c:\program files (x86)\arcgis\desktop10.5\ArcToolbox\Toolboxes\Data Management Tools.tbx\CalculateField" Date="20190426" Time="095006">CalculateField 20181231_defensible_space_inspections community "Cachuma" VB #</Process><Process ToolSource="c:\program files (x86)\arcgis\desktop10.5\ArcToolbox\Toolboxes\Data Management Tools.tbx\CalculateField" Date="20190426" Time="095037">CalculateField 20181231_defensible_space_inspections community "West Camino Cielo" VB #</Process><Process ToolSource="c:\program files (x86)\arcgis\desktop10.5\ArcToolbox\Toolboxes\Data Management Tools.tbx\CalculateField" Date="20190426" Time="095441">CalculateField 20181231_defensible_space_inspections community "Alisos Road" VB #</Process><Process ToolSource="c:\program files (x86)\arcgis\desktop10.5\ArcToolbox\Toolboxes\Data Management Tools.tbx\CalculateField" Date="20190426" Time="095720">CalculateField 20181231_defensible_space_inspections community "Figueroa Mountain" VB #</Process><Process ToolSource="c:\program files (x86)\arcgis\desktop10.5\ArcToolbox\Toolboxes\Data Management Tools.tbx\CalculateField" Date="20190426" Time="095915">CalculateField 20181231_defensible_space_inspections community "Los Olivos" VB #</Process><Process ToolSource="c:\program files (x86)\arcgis\desktop10.5\ArcToolbox\Toolboxes\Data Management Tools.tbx\CalculateField" Date="20190426" Time="100133">CalculateField 20181231_defensible_space_inspections community "Tepusquet" VB #</Process><Process ToolSource="c:\program files (x86)\arcgis\desktop10.5\ArcToolbox\Toolboxes\Data Management Tools.tbx\CalculateField" Date="20190426" Time="100526">CalculateField 20181231_defensible_space_inspections community "Casmalia" VB #</Process><Process ToolSource="c:\program files (x86)\arcgis\desktop10.5\ArcToolbox\Toolboxes\Data Management Tools.tbx\CalculateField" Date="20190426" Time="100544">CalculateField 20181231_defensible_space_inspections community "Orcutt" VB #</Process><Process ToolSource="c:\program files (x86)\arcgis\desktop10.5\ArcToolbox\Toolboxes\Data Management Tools.tbx\CalculateField" Date="20190426" Time="100937">CalculateField 20181231_defensible_space_inspections community "Lompoc Valley" VB #</Process><Process ToolSource="c:\program files (x86)\arcgis\desktop10.5\ArcToolbox\Toolboxes\Data Management Tools.tbx\CalculateField" Date="20190426" Time="101542">CalculateField 20181231_defensible_space_inspections community "Los Alamos Valley" VB #</Process><Process ToolSource="c:\program files (x86)\arcgis\desktop10.5\ArcToolbox\Toolboxes\Data Management Tools.tbx\CalculateField" Date="20190426" Time="102149">CalculateField 20181231_defensible_space_inspections community "Toro Canyon" VB #</Process><Process ToolSource="c:\program files (x86)\arcgis\desktop10.5\ArcToolbox\Toolboxes\Data Management Tools.tbx\CalculateField" Date="20190426" Time="102512">CalculateField 20181231_defensible_space_inspections community "East Camino Cielo" VB #</Process><Process ToolSource="c:\program files (x86)\arcgis\desktop10.5\ArcToolbox\Toolboxes\Data Management Tools.tbx\CalculateField" Date="20190426" Time="103257">CalculateField 20181231_defensible_space_inspections community "Gibraltar Road" VB #</Process><Process ToolSource="c:\program files (x86)\arcgis\desktop10.5\ArcToolbox\Toolboxes\Data Management Tools.tbx\CalculateField" Date="20190426" Time="103355">CalculateField 20181231_defensible_space_inspections community "Gibraltar Road" VB #</Process><Process ToolSource="c:\program files (x86)\arcgis\desktop10.5\ArcToolbox\Toolboxes\Data Management Tools.tbx\CalculateField" Date="20190426" Time="103730">CalculateField 20181231_defensible_space_inspections community "San Marcos Foothills" VB #</Process><Process ToolSource="c:\program files (x86)\arcgis\desktop10.5\ArcToolbox\Toolboxes\Data Management Tools.tbx\CalculateField" Date="20190426" Time="104233">CalculateField 20181231_defensible_space_inspections community "Stagecoach/Cold Springs" VB #</Process><Process ToolSource="c:\program files (x86)\arcgis\desktop10.5\ArcToolbox\Toolboxes\Data Management Tools.tbx\CalculateField" Date="20190426" Time="104313">CalculateField 20181231_defensible_space_inspections community "Lower Paradise/Stagecoach" VB #</Process><Process ToolSource="c:\program files (x86)\arcgis\desktop10.5\ArcToolbox\Toolboxes\Data Management Tools.tbx\CalculateField" Date="20190426" Time="110306">CalculateField 20181231_defensible_space_inspections community "Hwy 166 Corridor" VB #</Process><Process ToolSource="c:\program files (x86)\arcgis\desktop10.5\ArcToolbox\Toolboxes\Data Management Tools.tbx\CalculateField" Date="20190430" Time="091448">CalculateField 20181231_defensible_space_inspections propertyin "Yes - Inaccessible" VB #</Process><Process ToolSource="c:\program files (x86)\arcgis\desktop10.5\ArcToolbox\Toolboxes\Data Management Tools.tbx\CalculateField" Date="20190501" Time="104858">CalculateField 20181231_defensible_space_inspections propertyin "Yes - Locked Gate" VB #</Process><Process ToolSource="c:\program files (x86)\arcgis\desktop10.5\ArcToolbox\Toolboxes\Data Management Tools.tbx\CalculateField" Date="20190501" Time="105043">CalculateField 20181231_defensible_space_inspections propertyin "Yes - Noted Fortification (e.g., Keep Out Sign" VB #</Process><Process ToolSource="c:\program files (x86)\arcgis\desktop10.5\ArcToolbox\Toolboxes\Data Management Tools.tbx\CalculateField" Date="20190501" Time="105221">CalculateField 20181231_defensible_space_inspections propertyin "Yes - Other (explain in the Comments)" VB #</Process><Process ToolSource="c:\program files (x86)\arcgis\desktop10.5\ArcToolbox\Toolboxes\Data Management Tools.tbx\CalculateField" Date="20190501" Time="105349">CalculateField 20181231_defensible_space_inspections propertyin "Yes - Uncooperative Property Owner" VB #</Process><Process ToolSource="c:\program files (x86)\arcgis\desktop10.5\ArcToolbox\Toolboxes\Data Management Tools.tbx\CalculateField" Date="20190501" Time="110106">CalculateField 20181231_defensible_space_inspections propertyin " " VB #</Process><Process ToolSource="c:\program files (x86)\arcgis\desktop10.5\ArcToolbox\Toolboxes\Data Management Tools.tbx\CalculateField" Date="20190501" Time="112713">CalculateField 20181231_defensible_space_inspections ESCALATE_1 [propertyin] VB #</Process><Process ToolSource="c:\program files (x86)\arcgis\desktop10.5\ArcToolbox\Toolboxes\Data Management Tools.tbx\CalculateField" Date="20190501" Time="151859">CalculateField 20181231_defensible_space_inspections addressvis "Yes - Without Reflective" VB #</Process><Process ToolSource="c:\program files (x86)\arcgis\desktop10.5\ArcToolbox\Toolboxes\Data Management Tools.tbx\CalculateField" Date="20190501" Time="152748">CalculateField 20181231_defensible_space_inspections structuret "Utility or Miscellaneous Structure &gt; 120 sqft" VB #</Process><Process ToolSource="c:\program files (x86)\arcgis\desktop10.5\ArcToolbox\Toolboxes\Data Management Tools.tbx\CalculateField" Date="20190501" Time="153520">CalculateField 20181231_defensible_space_inspections utilitym_1 "0" VB #</Process><Process ToolSource="c:\program files (x86)\arcgis\desktop10.5\ArcToolbox\Toolboxes\Data Management Tools.tbx\CalculateField" Date="20190501" Time="153823">CalculateField 20181231_defensible_space_inspections utilitym_1 "1" VB #</Process><Process ToolSource="c:\program files (x86)\arcgis\desktop10.5\ArcToolbox\Toolboxes\Data Management Tools.tbx\CalculateField" Date="20190501" Time="160013">CalculateField 20181231_defensible_space_inspections waterstora " " VB #</Process><Process ToolSource="c:\program files (x86)\arcgis\desktop10.5\ArcToolbox\Toolboxes\Data Management Tools.tbx\CalculateField" Date="20190501" Time="160442">CalculateField 20181231_defensible_space_inspections waterstora "Less than 1500 gallons" VB #</Process><Process ToolSource="c:\program files (x86)\arcgis\desktop10.5\ArcToolbox\Toolboxes\Data Management Tools.tbx\CalculateField" Date="20190501" Time="160717">CalculateField 20181231_defensible_space_inspections waterstora "1500 - 2000 gallons" VB #</Process><Process ToolSource="c:\program files (x86)\arcgis\desktop10.5\ArcToolbox\Toolboxes\Data Management Tools.tbx\CalculateField" Date="20190501" Time="163519">CalculateField 20181231_defensible_space_inspections waterstora "2000 - 2500 gallons" VB #</Process><Process ToolSource="c:\program files (x86)\arcgis\desktop10.5\ArcToolbox\Toolboxes\Data Management Tools.tbx\CalculateField" Date="20190501" Time="163712">CalculateField 20181231_defensible_space_inspections waterstora "2500 - 5000 gallons" VB #</Process><Process ToolSource="c:\program files (x86)\arcgis\desktop10.5\ArcToolbox\Toolboxes\Data Management Tools.tbx\CalculateField" Date="20190501" Time="163958">CalculateField 20181231_defensible_space_inspections waterstora "Over 5000 gallons" VB #</Process><Process ToolSource="c:\program files (x86)\arcgis\desktop10.5\ArcToolbox\Toolboxes\Data Management Tools.tbx\CalculateField" Date="20190507" Time="110314">CalculateField 20181231_defensible_space_inspections status "Due for 2019 Inspection" VB #</Process><Process ToolSource="c:\program files (x86)\arcgis\desktop10.5\ArcToolbox\Toolboxes\Data Management Tools.tbx\CalculateField" Date="20190507" Time="111152">CalculateField 20181231_defensible_space_inspections status "Incomplete Data or Never Inspected" VB #</Process><Process ToolSource="c:\program files (x86)\arcgis\desktop10.5\ArcToolbox\Toolboxes\Data Management Tools.tbx\CalculateField" Date="20190507" Time="112410">CalculateField 20181231_defensible_space_inspections community "Los Olivos" VB #</Process><Process ToolSource="c:\program files (x86)\arcgis\desktop10.5\ArcToolbox\Toolboxes\Data Management Tools.tbx\CalculateField" Date="20190507" Time="120820">CalculateField 20181231_defensible_space_inspections ventscreen "Mesh Screen &lt;= 1/8''" VB #</Process><Process ToolSource="c:\program files (x86)\arcgis\desktop10.5\ArcToolbox\Toolboxes\Data Management Tools.tbx\CalculateField" Date="20190509" Time="132614">CalculateField 20181231_defensible_space_inspections status "Not Inspected Since 2017" VB #</Process><Process ToolSource="c:\program files (x86)\arcgis\desktop10.5\ArcToolbox\Toolboxes\Data Management Tools.tbx\CalculateField" Date="20190510" Time="075538">CalculateField 20181231_defensible_space_inspections ventscreen " " VB #</Process><Process ToolSource="c:\program files (x86)\arcgis\desktop10.5\ArcToolbox\Toolboxes\Data Management Tools.tbx\CalculateField" Date="20190510" Time="080033">CalculateField 20181231_defensible_space_inspections status "Incomplete Data or Never Inspected" VB #</Process><Process ToolSource="c:\program files (x86)\arcgis\desktop10.5\ArcToolbox\Toolboxes\Data Management Tools.tbx\CalculateField" Date="20190510" Time="080402">CalculateField 20181231_defensible_space_inspections status "Incomplete Data or Never Inspected" VB #</Process><Process ToolSource="c:\program files (x86)\arcgis\desktop10.5\ArcToolbox\Toolboxes\Data Management Tools.tbx\CalculateField" Date="20190510" Time="080937">CalculateField 20181231_defensible_space_inspections status "Incomplete Data or Never Inspected" VB #</Process><Process ToolSource="c:\program files (x86)\arcgis\desktop10.5\ArcToolbox\Toolboxes\Data Management Tools.tbx\CalculateField" Date="20190510" Time="081123">CalculateField 20181231_defensible_space_inspections status "Incomplete Data or Never Inspected" VB #</Process><Process ToolSource="c:\program files (x86)\arcgis\desktop10.5\ArcToolbox\Toolboxes\Data Management Tools.tbx\CalculateField" Date="20190510" Time="081344">CalculateField 20181231_defensible_space_inspections status "Incomplete Data or Never Inspected" VB #</Process><Process ToolSource="c:\program files (x86)\arcgis\desktop10.5\ArcToolbox\Toolboxes\Data Management Tools.tbx\CalculateField" Date="20190510" Time="082251">CalculateField 20181231_defensible_space_inspections ventscreen " " VB #</Process><Process ToolSource="c:\program files (x86)\arcgis\desktop10.5\ArcToolbox\Toolboxes\Data Management Tools.tbx\CalculateField" Date="20190510" Time="082705">CalculateField 20181231_defensible_space_inspections status "Incomplete Data or Never Inspected" VB #</Process><Process ToolSource="c:\program files (x86)\arcgis\desktop10.5\ArcToolbox\Toolboxes\Data Management Tools.tbx\CalculateField" Date="20190510" Time="083453">CalculateField 20181231_defensible_space_inspections ventscreen " " VB #</Process><Process ToolSource="c:\program files (x86)\arcgis\desktop10.5\ArcToolbox\Toolboxes\Data Management Tools.tbx\CalculateField" Date="20190617" Time="154411">CalculateField 20181231_defensible_space_inspections_SBC contactpho " " VB #</Process><Process ToolSource="c:\program files (x86)\arcgis\desktop10.5\ArcToolbox\Toolboxes\Data Management Tools.tbx\CalculateField" Date="20190617" Time="154451">CalculateField 20181231_defensible_space_inspections_SBC deliveryno " " VB #</Process><Process ToolSource="c:\program files (x86)\arcgis\desktop10.5\ArcToolbox\Toolboxes\Data Management Tools.tbx\CalculateField" Date="20190617" Time="154502">CalculateField 20181231_defensible_space_inspections_SBC deadtrees3 " " VB #</Process><Process ToolSource="c:\program files (x86)\arcgis\desktop10.5\ArcToolbox\Toolboxes\Data Management Tools.tbx\CalculateField" Date="20190617" Time="154523">CalculateField 20181231_defensible_space_inspections_SBC windowpane " " VB #</Process><Process ToolSource="c:\program files (x86)\arcgis\desktop10.5\ArcToolbox\Toolboxes\Data Management Tools.tbx\CalculateField" Date="20190617" Time="154538">CalculateField 20181231_defensible_space_inspections_SBC deckporchg " " VB #</Process><Process ToolSource="c:\program files (x86)\arcgis\desktop10.5\ArcToolbox\Toolboxes\Data Management Tools.tbx\CalculateField" Date="20190617" Time="154551">CalculateField 20181231_defensible_space_inspections_SBC deckporche " " VB #</Process><Process ToolSource="c:\program files (x86)\arcgis\desktop10.5\ArcToolbox\Toolboxes\Data Management Tools.tbx\CalculateField" Date="20190617" Time="154605">CalculateField 20181231_defensible_space_inspections_SBC patiocover " " VB #</Process><Process ToolSource="c:\program files (x86)\arcgis\desktop10.5\ArcToolbox\Toolboxes\Data Management Tools.tbx\CalculateField" Date="20190617" Time="154617">CalculateField 20181231_defensible_space_inspections_SBC fenceattac " " VB #</Process><Process ToolSource="c:\program files (x86)\arcgis\desktop10.5\ArcToolbox\Toolboxes\Data Management Tools.tbx\CalculateField" Date="20190617" Time="154637">CalculateField 20181231_defensible_space_inspections_SBC propanetan " " VB #</Process><Process ToolSource="c:\program files (x86)\arcgis\desktop10.5\ArcToolbox\Toolboxes\Data Management Tools.tbx\CalculateField" Date="20190617" Time="155847">CalculateField 20181231_defensible_space_inspections_SBC occupantho " " VB #</Process><Process ToolSource="c:\program files (x86)\arcgis\desktop10.5\ArcToolbox\Toolboxes\Data Management Tools.tbx\CalculateField" Date="20190617" Time="160452">CalculateField 20181231_defensible_space_inspections_SBC report_tit "2019 Montecito Defensible Space Inspections" VB #</Process></lineage></DataProperties></Esri></metadata>
