<?xml version="1.0" encoding="UTF-8"?>
<metadata xml:lang="en"><Esri><CreaDate>20191230</CreaDate><CreaTime>09104300</CreaTime><ArcGISFormat>1.0</ArcGISFormat><SyncOnce>TRUE</SyncOnce><DataProperties><lineage><Process ToolSource="c:\program files (x86)\arcgis\desktop10.6\ArcToolbox\Toolboxes\Data Management Tools.tbx\CalculateField" Date="20191230" Time="091043">CalculateField 2019_defensible_space_inspections_SBC Date [inspection] VB #</Process><Process ToolSource="c:\program files (x86)\arcgis\desktop10.6\ArcToolbox\Toolboxes\Data Management Tools.tbx\CalculateField" Date="20191230" Time="135941">CalculateField 2019_defensible_space_inspections_SBC calfireuni "SBC" VB #</Process><Process ToolSource="c:\program files (x86)\arcgis\desktop10.6\ArcToolbox\Toolboxes\Data Management Tools.tbx\CalculateField" Date="20191230" Time="140015">CalculateField 2019_defensible_space_inspections_SBC county "SBA" VB #</Process><Process ToolSource="c:\program files (x86)\arcgis\desktop10.6\ArcToolbox\Toolboxes\Data Management Tools.tbx\CalculateField" Date="20191230" Time="140100">CalculateField 2019_defensible_space_inspections_SBC battalion "1" VB #</Process><Process ToolSource="c:\program files (x86)\arcgis\desktop10.6\ArcToolbox\Toolboxes\Data Management Tools.tbx\CalculateField" Date="20191230" Time="141345">CalculateField 2019_defensible_space_inspections_SBC stationnam "MTO" VB #</Process></lineage></DataProperties></Esri></metadata>
